TR01,TR02,TR03,TR04,TR05,TR06,TR07,TR08,TR09,TR10,TR11,TR12,TR13,TR14,TR15,TR16,TR17,TR18,TR19,TR20,TR21,TR22,TR23,TR24,TR25,TR26,TR27,TR28,TR29,TR30
0.018208185,0.026348764,0.034819126,0.04313228,0.05086252,0.057562508,0.06271956,0.06585055,0.06662387,0.06488064,0.06059454,0.05387428,0.04499245,0.034376696,0.022595655,0.010326107,-0.001766747,-0.013175094,-0.023581568,-0.03277658,-0.04056889,-0.04677241,-0.05121925,-0.05374302,-0.05419498,-0.052538574,-0.04893553,-0.043746218,-0.037479177,-0.030721435
-0.094628304,-0.12413541,-0.15713643,-0.1921728,-0.22737354,-0.26063105,-0.28972942,-0.31239766,-0.3263985,-0.32974145,-0.32095024,-0.29929584,-0.26498246,-0.21926111,-0.16438174,-0.10336333,-0.039677985,0.023103649,0.08169036,0.13344342,0.17657147,0.21006663,0.23351578,0.24694137,0.25074822,0.24573366,0.23307294,0.21428189,0.19118986,0.16584428
-0.0687235,-0.10258524,-0.14230144,-0.1861038,-0.23162025,-0.276142,-0.3168628,-0.35098302,-0.37575892,-0.38871422,-0.38794592,-0.37234667,-0.34176785,-0.29716563,-0.24064004,-0.17525996,-0.104760334,-0.033192318,0.03552165,0.09802438,0.15176916,0.1950676,0.22701119,0.24733058,0.25632587,0.2548314,0.24414082,0.22598118,0.20251389,0.17624116
0.082643844,0.10894781,0.13693787,0.16501246,0.19131644,0.21378648,0.23032868,0.23903026,0.23833798,0.22730598,0.20583658,0.1747424,0.13569431,0.09113002,0.043995,-0.002717844,-0.046448078,-0.08534531,-0.118257605,-0.14457977,-0.16411783,-0.1769826,-0.18347551,-0.18401504,-0.17909212,-0.16923857,-0.15507549,-0.13746865,-0.11765653,-0.09717701
0.09629043,0.124639384,0.15493165,0.18537338,0.2138213,0.23797093,0.25554785,0.26448014,0.26307613,0.2502423,0.22566324,0.18991232,0.14456242,0.092175305,0.036014993,-0.020441173,-0.07397064,-0.12193945,-0.16243765,-0.19426095,-0.21688807,-0.23040871,-0.23535508,-0.23250045,-0.22274064,-0.20707826,-0.1866761,-0.16291668,-0.13738745,-0.11174084
-0.07571231,-0.09756199,-0.1214437,-0.14600249,-0.16956389,-0.1903484,-0.20663823,-0.21681698,-0.21937706,-0.21305883,-0.19711019,-0.17151326,-0.1371178,-0.09565322,-0.049594145,-0.001873014,0.044493828,0.086781,0.12285432,0.15132952,0.17157935,0.18359573,0.18777311,0.18476962,0.17553565,0.16133097,0.14359279,0.12376013,0.10321815,0.08328665
-0.08461509,-0.1130427,-0.14508316,-0.17895682,-0.21251108,-0.24350068,-0.26972714,-0.2890871,-0.2996393,-0.29974452,-0.28827783,-0.2648412,-0.2299286,-0.18500769,-0.13245648,-0.07532598,-0.017000386,0.039162602,0.0901847,0.13378014,0.16851364,0.19376259,0.20956145,0.2164024,0.21509095,0.20668186,0.19241378,0.17366515,0.1519855,0.12910068
-0.020293286,-0.019530147,-0.018046021,-0.015794024,-0.01269774,-0.008676936,-0.003653535,0.00246471,0.009739707,0.018112613,0.027339764,0.036988847,0.046495188,0.055244535,0.062646225,0.0682037,0.071564645,0.07252632,0.071058385,0.06736321,0.06189101,0.05523464,0.047983915,0.04062102,0.033488803,0.02681395,0.020753067,0.01539445,0.010708829,0.006525562
-0.0843609,-0.11230855,-0.14297704,-0.1749265,-0.20650075,-0.23587856,-0.26115376,-0.28041553,-0.29179657,-0.29358906,-0.28444067,-0.2635906,-0.23110399,-0.1880243,-0.13636544,-0.07892832,-0.018989243,0.040057253,0.09504338,0.14333077,0.18299773,0.21285515,0.23237328,0.24162306,0.2412228,0.2322446,0.21612488,0.19461748,0.16975792,0.14371283
-0.07992963,-0.10172327,-0.12557822,-0.15021518,-0.17403883,-0.19529592,-0.21222566,-0.22317895,-0.22675082,-0.22194165,-0.20828739,-0.18590307,-0.15547869,-0.11825909,-0.07599913,-0.03081803,0.015006662,0.059251696,0.09997131,0.13569345,0.16545491,0.18869057,0.20509906,0.21453935,0.21698107,0.212603,0.20193805,0.18593082,0.16589758,0.14340405
-0.024884302,-0.03336008,-0.04189891,-0.049785767,-0.05640639,-0.06135598,-0.06438089,-0.065262996,-0.06374811,-0.05950133,-0.052132074,-0.041346833,-0.027152672,-0.009962458,0.009420859,0.029890336,0.050175164,0.06899615,0.085199915,0.09786583,0.10639252,0.11053583,0.11038113,0.10626526,0.09870207,0.08834591,0.075945094,0.062288105,0.048193805,0.034458525
-0.10345266,-0.1359017,-0.1721323,-0.2102802,-0.24804536,-0.2829447,-0.31250757,-0.33446154,-0.34685624,-0.34808555,-0.33690792,-0.3126113,-0.27528313,-0.2260297,-0.167012,-0.10125765,-0.03232524,0.036078364,0.10049535,0.15807006,0.20671435,0.2450751,0.27243015,0.28857574,0.29374442,0.28862405,0.2743958,0.25270754,0.22560067,0.19537805
0.003950843,0.005951329,0.008106215,0.010085564,0.011416748,0.011589284,0.010175068,0.006891052,0.001658268,-0.005332547,-0.013565765,-0.022220023,-0.030309923,-0.036877155,-0.041130513,-0.04254712,-0.04097509,-0.03668605,-0.030312687,-0.022681735,-0.014627813,-0.006876915,1.54E-05,0.005691027,0.009983001,0.012885611,0.014524016,0.015107309,0.01486574,0.014005707
-0.05747607,-0.07999112,-0.10547594,-0.13251227,-0.15940274,-0.18435328,-0.20557196,-0.22134319,-0.23012845,-0.23070669,-0.22234054,-0.20487878,-0.17878895,-0.14517628,-0.10572766,-0.0625193,-0.017769558,0.02637643,0.06799723,0.10549646,0.1376923,0.16382122,0.18340671,0.19612916,0.2018576,0.20073237,0.19317882,0.17992838,0.16209793,0.14120276
0.034304224,0.03785029,0.040871743,0.042755604,0.042780943,0.040238447,0.034526467,0.025322411,0.012793717,-0.002335152,-0.018825995,-0.035073087,-0.049408063,-0.06037875,-0.06693187,-0.0686416,-0.06588048,-0.059667464,-0.05133305,-0.042247403,-0.03360193,-0.026236227,-0.020561382,-0.016536523,-0.013752402,-0.011677417,-0.009888004,-0.008155523,-0.006418927,-0.004669267
0.006137102,-0.001175289,-0.009606097,-0.018577807,-0.027683,-0.03674909,-0.045686845,-0.05427841,-0.06206293,-0.06831026,-0.07206916,-0.07232697,-0.068292215,-0.059646964,-0.046661917,-0.030181177,-0.011516882,0.007741852,0.025962686,0.041699577,0.053864937,0.06181018,0.065332845,0.06463867,0.060261,0.05294195,0.043530036,0.03294632,0.022203473,0.012340118
-0.04013381,-0.061631035,-0.08627565,-0.11299838,-0.14058344,-0.16767138,-0.19280902,-0.21447556,-0.23098774,-0.24045222,-0.24096449,-0.2310496,-0.21013096,-0.17874251,-0.13842605,-0.09156875,-0.041226592,0.009203073,0.056435958,0.0977156,0.13109149,0.15550527,0.17066824,0.1768415,0.17475381,0.165628,0.15111099,0.13307784,0.11344907,0.0940098
-0.031673368,-0.056845307,-0.08611136,-0.1178817,-0.1503758,-0.1818316,-0.21054651,-0.23470819,-0.25230977,-0.2614019,-0.2604454,-0.24844939,-0.22507228,-0.19085234,-0.14735168,-0.09700586,-0.04283107,0.011845674,0.06369557,0.109765396,0.14776833,0.17622618,0.19452988,0.20286442,0.20200433,0.19310603,0.17759983,0.15716025,0.13371246,0.109378666
0.019904992,0.029738154,0.040428724,0.05151634,0.06259267,0.07327378,0.08315839,0.091835506,0.09891057,0.103982754,0.10659736,0.10626342,0.10262249,0.09557801,0.08526023,0.072001524,0.05635312,0.039034512,0.020863315,0.002693482,-0.014641893,-0.03037582,-0.043877527,-0.054694336,-0.06250204,-0.06708404,-0.06841189,-0.06672751,-0.062533215,-0.05651053
0.055038705,0.067701355,0.080813795,0.0935578,0.104988836,0.114171706,0.12030815,0.12276229,0.121041104,0.11489001,0.104528,0.09075885,0.07478856,0.057853132,0.0409256,0.024627741,0.009275366,-0.005056869,-0.018391497,-0.03067049,-0.041712668,-0.051295646,-0.059200693,-0.06518854,-0.069024265,-0.070551075,-0.06972521,-0.06664301,-0.061604563,-0.055161465
-0.04876529,-0.06718051,-0.08877632,-0.11259646,-0.13736565,-0.1616182,-0.18383701,-0.20251398,-0.21616574,-0.22341661,-0.2231836,-0.21485798,-0.19837217,-0.17418435,-0.14326717,-0.10713196,-0.06780507,-0.027608536,0.011173178,0.04657279,0.07712351,0.10193219,0.12059843,0.13305233,0.13948122,0.14034453,0.13633865,0.12829988,0.117191404,0.104102865
-0.034262482,-0.053952787,-0.07693965,-0.102053896,-0.12781501,-0.1526347,-0.17487936,-0.19286309,-0.20490414,-0.20945808,-0.20534842,-0.19202596,-0.1697114,-0.13942537,-0.10289921,-0.062371753,-0.020381672,0.020460341,0.05777157,0.08969894,0.115076154,0.13339183,0.14464714,0.14921524,0.14774181,0.14104824,0.13001443,0.11557813,0.098840326,0.081136085
-0.011231762,-0.015464346,-0.01998133,-0.024376253,-0.028273279,-0.031315517,-0.03314632,-0.033412375,-0.031801227,-0.028118718,-0.022348955,-0.014635483,-0.005267353,0.005259664,0.016272575,0.027052384,0.036878876,0.04504419,0.050984383,0.054431103,0.055441447,0.05429602,0.05133537,0.04686945,0.04119768,0.034667503,0.027701475,0.020731017,0.014100372,0.008064391
-0.016688323,-0.025632627,-0.035788912,-0.04665075,-0.05769946,-0.0683726,-0.07807925,-0.086196676,-0.092022575,-0.094848566,-0.09414842,-0.08969783,-0.08157175,-0.07012487,-0.055933516,-0.03971387,-0.022297744,-0.00460078,0.012478988,0.028158605,0.041808367,0.052943867,0.06122181,0.066477284,0.06876762,0.06834894,0.06555184,0.060703773,0.054198023,0.046572182
-0.006724724,-0.010241274,-0.014159588,-0.018309297,-0.022555862,-0.026755227,-0.030673796,-0.03393565,-0.036100242,-0.036808793,-0.035852186,-0.03317317,-0.028872915,-0.023214862,-0.016557185,-0.009283026,-0.001870255,0.005063768,0.010967226,0.015606852,0.019049425,0.021422075,0.022740489,0.02293738,0.021983173,0.019986268,0.017217623,0.01403928,0.010825867,0.00792509
-0.039634522,-0.05508416,-0.07260835,-0.09149333,-0.1107259,-0.12905039,-0.14506193,-0.15728058,-0.16427825,-0.16490427,-0.15848571,-0.14485526,-0.12430798,-0.09767161,-0.066362634,-0.032248456,0.002579819,0.03600005,0.06609601,0.09142843,0.11113007,0.12481118,0.13243291,0.134241,0.13074982,0.122738265,0.11118986,0.09720714,0.081986435,0.06678116
0.137735,0.17204846,0.20802903,0.24336202,0.27525687,0.30065706,0.31651148,0.32001612,0.30886692,0.2816904,0.2385878,0.18141657,0.11365122,0.039928306,-0.034606997,-0.10504279,-0.16736014,-0.21884345,-0.2581439,-0.28506958,-0.3002704,-0.30487046,-0.30017206,-0.28750652,-0.2681665,-0.2434025,-0.21451479,-0.18296286,-0.15035078,-0.11831219
0.12213895,0.1536676,0.18627234,0.21777153,0.24583642,0.26814196,0.28248772,0.28689975,0.27973545,0.25992703,0.22733362,0.18296964,0.12900396,0.06861606,0.005686011,-0.055694234,-0.11181233,-0.15985121,-0.19811328,-0.22592925,-0.24344683,-0.2513911,-0.25077718,-0.24272376,-0.22844249,-0.2092011,-0.18626183,-0.1609306,-0.13463205,-0.10886051
0.117491595,0.14276266,0.16853742,0.19314082,0.21457317,0.23064952,0.2392175,0.23839217,0.22675617,0.20352517,0.1687178,0.123354614,0.06958047,0.010557825,-0.049920693,-0.10798287,-0.16020584,-0.20397846,-0.23766644,-0.26066002,-0.2732919,-0.27655604,-0.27167648,-0.2598161,-0.24204896,-0.21944779,-0.19317041,-0.1644897,-0.1347587,-0.10536249
0.11170948,0.1344551,0.15709966,0.17824228,0.19603698,0.20829584,0.21281187,0.20770624,0.19166604,0.16417672,0.12578592,0.07826574,0.024541631,-0.031680036,-0.08649571,-0.13637401,-0.17857097,-0.2113394,-0.23390383,-0.24631195,-0.24930571,-0.24412228,-0.23216778,-0.2148041,-0.19336477,-0.16916168,-0.14341503,-0.11727993,-0.09188506,-0.06819134
0.09965198,0.13275656,0.16899063,0.20654675,0.24320675,0.27645117,0.30363765,0.32218388,0.32974645,0.3244504,0.30522975,0.27215964,0.22661658,0.17119096,0.10936322,0.045004543,-0.018135022,-0.07684816,-0.12876068,-0.17235233,-0.20672059,-0.23139241,-0.2463211,-0.2518888,-0.24882822,-0.23817022,-0.2212154,-0.19946814,-0.17458986,-0.14835791
0.10564056,0.13366234,0.16289918,0.19137417,0.21683913,0.23696005,0.2495284,0.25267524,0.24507654,0.22620817,0.1965934,0.15783611,0.11237934,0.06316803,0.013309506,-0.03427935,-0.077215254,-0.11389863,-0.1435445,-0.16599523,-0.18147096,-0.19037774,-0.19319378,-0.19039933,-0.1824743,-0.17000684,-0.15380853,-0.13493831,-0.114642106,-0.09423888
0.10405892,0.12752114,0.15256234,0.17790747,0.20193875,0.22276309,0.23825254,0.2461786,0.2445236,0.23180133,0.20728418,0.17122412,0.12501752,0.071151435,0.012879464,-0.04623929,-0.10274508,-0.1535547,-0.19619614,-0.22901498,-0.25128478,-0.2631816,-0.26554897,-0.25954747,-0.24643804,-0.22749758,-0.20403336,-0.1774595,-0.14929464,-0.121034496
0.10867452,0.12888148,0.14884658,0.16708863,0.18183275,0.19111812,0.19302142,0.1858735,0.16848965,0.14046115,0.102393486,0.055994928,0.004034601,-0.04990725,-0.10197338,-0.14871608,-0.18758102,-0.21701854,-0.23641725,-0.24599376,-0.24660914,-0.23953561,-0.2261795,-0.20781706,-0.18557303,-0.16058211,-0.13406245,-0.10728376,-0.081482545,-0.057710487
-0.001504112,-0.006139085,-0.011704999,-0.017965566,-0.024632648,-0.03147084,-0.03834332,-0.045113906,-0.051529445,-0.05723759,-0.06185355,-0.06491347,-0.06583912,-0.0640615,-0.05920708,-0.05127162,-0.04073872,-0.028516047,-0.015722977,-0.003479363,0.007253019,0.015799893,0.021853894,0.025455965,0.02689979,0.02661768,0.025042448,0.022524707,0.019419456,0.016172875
0.08424823,0.10450406,0.1257717,0.14673902,0.16595082,0.18186897,0.19285823,0.19724266,0.19354555,0.18085057,0.15903123,0.12877958,0.091611475,0.049863696,0.006426101,-0.03581701,-0.074493214,-0.10795085,-0.13525978,-0.15612093,-0.17066532,-0.17920895,-0.18209346,-0.17965633,-0.17228511,-0.16051513,-0.14507818,-0.1269148,-0.107181385,-0.087199554
0.052206893,0.06660513,0.08203954,0.09757517,0.11225514,0.12506148,0.1348561,0.14050467,0.14111961,0.13616756,0.12545907,0.109190606,0.08798089,0.062870875,0.035266124,0.006747122,-0.02118212,-0.04727157,-0.07060234,-0.09057396,-0.10681201,-0.119049855,-0.12705438,-0.13063513,-0.12971683,-0.12444321,-0.11526869,-0.102981895,-0.08863764,-0.07342922
0.07713768,0.08916208,0.10040892,0.10958286,0.11538239,0.11664866,0.11237171,0.101736106,0.08429597,0.060230557,0.03057414,-0.002741372,-0.037152845,-0.069858074,-0.09820865,-0.120146655,-0.1345921,-0.14154585,-0.14188768,-0.13707037,-0.12880912,-0.11869086,-0.10780479,-0.09665017,-0.08534973,-0.07391548,-0.062413123,-0.05103537,-0.040089022,-0.029883986
0.020432282,0.023122242,0.025514476,0.027270516,0.028146625,0.027996214,0.026672129,0.024000974,0.019869553,0.014323153,0.007662775,0.000502419,-0.006359531,-0.012168536,-0.01639413,-0.018881904,-0.019869804,-0.019808924,-0.019209677,-0.018558975,-0.018217063,-0.018350106,-0.018957146,-0.019909425,-0.020941952,-0.021687996,-0.021829518,-0.021254633,-0.020071076,-0.018488549
0.04085223,0.044621486,0.04713902,0.04782194,0.045985047,0.04085425,0.031733256,0.018293722,0.000791184,-0.019927306,-0.04252012,-0.065232195,-0.085995965,-0.10269973,-0.11359464,-0.117663994,-0.114869945,-0.106192105,-0.093365274,-0.07840877,-0.06315993,-0.048961613,-0.03653474,-0.02606462,-0.017436158,-0.01044463,-0.004856445,-0.000403074,0.003179833,0.00606079
-0.11293711,-0.15916009,-0.21139368,-0.26708448,-0.3231101,-0.37597504,-0.42200863,-0.4576067,-0.47951028,-0.48502144,-0.472243,-0.44043234,-0.39025086,-0.32376426,-0.24426875,-0.15601194,-0.06376479,0.027674392,0.11391797,0.19127719,0.25691524,0.30894563,0.34641108,0.36908224,0.3772495,0.37168127,0.35365728,0.32503,0.28827125,0.24642408
-0.04708099,-0.07118016,-0.0994554,-0.13089746,-0.16403174,-0.19702964,-0.22792211,-0.25474137,-0.275547,-0.28847352,-0.2919213,-0.2847624,-0.26647753,-0.23730057,-0.19836472,-0.15167715,-0.09987589,-0.045933265,0.007093641,0.056345467,0.099475086,0.13486053,0.16161685,0.17946243,0.18856628,0.18944325,0.18293439,0.17027405,0.15309969,0.13331623
0.036135808,0.04263844,0.04934037,0.055736583,0.061320674,0.06565296,0.0683888,0.069290414,0.06815797,0.06479339,0.05910376,0.051243585,0.041710638,0.031322252,0.021052511,0.011764502,0.003996129,-0.002073196,-0.006543247,-0.009714275,-0.012008317,-0.013887479,-0.015784781,-0.01801074,-0.020674184,-0.023652961,-0.026680823,-0.029489191,-0.031909436,-0.03388727
-0.084722824,-0.11914654,-0.15819806,-0.20012346,-0.24273688,-0.2835972,-0.32021955,-0.35017753,-0.3711136,-0.38080046,-0.37733907,-0.35943845,-0.32670575,-0.2799124,-0.22109026,-0.1532994,-0.08027242,-0.006106946,0.06509674,0.12965979,0.18467076,0.22815393,0.2590577,0.2771517,0.2829246,0.2774727,0.2623685,0.2395618,0.21137036,0.18042684
0.008047235,0.00768049,0.007206311,0.006752077,0.006182277,0.005233443,0.003658242,0.001308597,-0.001816812,-0.005622323,-0.009924403,-0.014292008,-0.018036291,-0.020502798,-0.021297118,-0.020281896,-0.017552113,-0.013448299,-0.008501745,-0.003312436,0.001548327,0.005582801,0.00840309,0.009803333,0.009846767,0.008860172,0.007271274,0.005433549,0.003614206,0.002030363
0.046776567,0.052229702,0.057649698,0.062488727,0.06594037,0.06704472,0.06495868,0.05912804,0.04934505,0.03579885,0.01917851,0.00071782,-0.01800283,-0.03541189,-0.05024225,-0.06168316,-0.069392025,-0.07342031,-0.074080475,-0.071798526,-0.067086086,-0.060607675,-0.053120583,-0.045328353,-0.037825357,-0.031075954,-0.025372604,-0.020824935,-0.017393282,-0.01495578
0.002646113,-0.002533207,-0.008792564,-0.016131675,-0.024528144,-0.033841662,-0.043781623,-0.053876434,-0.06345189,-0.07171678,-0.07793339,-0.08150338,-0.08194704,-0.07890988,-0.07222144,-0.0619717,-0.04859651,-0.03291146,-0.01605661,0.000647288,0.015930466,0.02881027,0.038702603,0.045375496,0.048825484,0.049198963,0.04682589,0.04229615,0.03644405,0.030163927
-0.053125758,-0.0766248,-0.10343672,-0.1321794,-0.16119576,-0.18872742,-0.21294308,-0.23190048,-0.24368602,-0.2467497,-0.24020119,-0.22388041,-0.19827287,-0.16443135,-0.123923406,-0.078739375,-0.031166798,0.016351579,0.06142487,0.10199549,0.13655847,0.1641882,0.18437304,0.19684954,0.20157161,0.1987719,0.18904386,0.17341414,0.15331233,0.13045186
0.05222657,0.062215164,0.072778136,0.08303395,0.09199405,0.0987317,0.1025217,0.10286391,0.09939505,0.09189096,0.08043746,0.06552421,0.047997866,0.029048607,0.010100268,-0.007526048,-0.022909032,-0.03558502,-0.04541259,-0.052421305,-0.056806833,-0.05900096,-0.05960015,-0.05916171,-0.05804326,-0.056391638,-0.054215576,-0.051508423,-0.048365127,-0.044984672
-0.067234255,-0.09731808,-0.13131407,-0.16775462,-0.20486319,-0.24064925,-0.2729132,-0.29933444,-0.31770533,-0.3260996,-0.3229493,-0.30724043,-0.2787849,-0.2383806,-0.18779953,-0.129635,-0.067060746,-0.003559532,0.05745653,0.11309581,0.16122435,0.20036893,0.22956687,0.24833597,0.25666383,0.25500837,0.24431835,0.22600459,0.20190445,0.17418034
0.009186298,0.008978623,0.008519603,0.007752218,0.006618446,0.005141217,0.003415996,0.001556207,-0.000289086,-0.001908582,-0.003082387,-0.003652647,-0.003527536,-0.002686858,-0.001224208,0.000680912,0.00285937,0.00516072,0.007369068,0.009199177,0.010423122,0.010960506,0.010826098,0.010069137,0.008775907,0.007044624,0.004960741,0.002625097,0.000188308,-0.002169748
0.013551179,0.014918217,0.016149256,0.01701527,0.017254157,0.01666619,0.015130146,0.012558282,0.00890015,0.00418543,-0.001438683,-0.007651057,-0.013893998,-0.019417295,-0.023464441,-0.025502367,-0.025394805,-0.023408592,-0.020063458,-0.016003633,-0.011920285,-0.00843054,-0.005930393,-0.00451376,-0.004023204,-0.004196502,-0.004782364,-0.005569454,-0.006390054,-0.007122477
0.11354874,0.14177163,0.17248225,0.20391844,0.23397732,0.26034045,0.28060234,0.2924057,0.2935668,0.2822421,0.25725636,0.21855177,0.1674986,0.106913194,0.040755454,-0.02639545,-0.08997705,-0.1460748,-0.19191217,-0.22608724,-0.24851018,-0.2600911,-0.2622702,-0.25659695,-0.24455285,-0.2275526,-0.20692827,-0.18390615,-0.15967488,-0.13546748
0.08032214,0.09715833,0.11487209,0.13218175,0.14764987,0.15979281,0.16712487,0.16820484,0.16179878,0.1471739,0.12437998,0.09435688,0.0588788,0.020399204,-0.018272474,-0.054462526,-0.08607225,-0.11176802,-0.13095114,-0.14363886,-0.15033339,-0.15184805,-0.14907926,-0.14285982,-0.1339293,-0.122922875,-0.11039566,-0.09694067,-0.08324451,-0.069995634
0.001735964,0.000588174,-0.000297203,-0.000868104,-0.001254488,-0.001615741,-0.002040017,-0.002551057,-0.003088785,-0.003478895,-0.003550598,-0.00327946,-0.002728399,-0.001961128,-0.001089017,-0.000233839,0.000612689,0.001553473,0.00257863,0.003476196,0.003977659,0.003929772,0.003314003,0.00221742,0.000806039,-0.000777852,-0.002469152,-0.004198659,-0.005842137,-0.007279581
-0.024691671,-0.031674918,-0.039328627,-0.04717369,-0.054690048,-0.061430477,-0.06702004,-0.07103,-0.07299836,-0.072550245,-0.06942041,-0.063464396,-0.054695033,-0.043327723,-0.029836712,-0.014981057,0.000226339,0.014605325,0.02704879,0.036833726,0.043735642,0.047906395,0.049675047,0.049374457,0.047257278,0.043581247,0.03878726,0.033525854,0.02840969,0.023754852
-0.02774915,-0.03416363,-0.040777046,-0.047314204,-0.053594995,-0.05949843,-0.064889796,-0.069599845,-0.07333715,-0.075622864,-0.075883865,-0.07361266,-0.06848524,-0.060394008,-0.049482167,-0.03625571,-0.021601107,-0.006580396,0.007781096,0.020550461,0.030959887,0.03861599,0.043588206,0.04619114,0.046718143,0.045403518,0.042567603,0.038693123,0.034300968,0.029824974
-0.026856095,-0.035517894,-0.04488911,-0.054572865,-0.064256564,-0.07366495,-0.08255654,-0.090712294,-0.097841054,-0.10328108,-0.10584267,-0.10428676,-0.09797889,-0.08709238,-0.07235584,-0.05474746,-0.03541888,-0.015699485,0.003026968,0.01951419,0.032869633,0.042733893,0.04920846,0.052605,0.053349055,0.05196038,0.048953567,0.04480792,0.040057514,0.035329215
0.027430715,0.0310035,0.034889,0.039070573,0.0430405,0.046037357,0.047520857,0.04732243,0.045449,0.041874927,0.0365315,0.029466521,0.02090793,0.01120175,0.000789546,-0.009787652,-0.019942839,-0.029166035,-0.03714419,-0.04373093,-0.048721,-0.051735785,-0.052511644,-0.051278215,-0.048607074,-0.044889715,-0.04014607,-0.03431727,-0.027672842,-0.020916788
-0.032453757,-0.03557528,-0.038205605,-0.040206227,-0.041439585,-0.04170111,-0.040701058,-0.038171206,-0.03391868,-0.027865287,-0.020130534,-0.011068611,-0.001273245,0.008529672,0.017674001,0.025570974,0.03167732,0.035663188,0.037604243,0.037914753,0.037032805,0.035199977,0.032577194,0.029385764,0.025840854,0.0221046,0.018282788,0.014400438,0.010508899,0.006823165
0.05225037,0.054046974,0.05363221,0.0506796,0.044911474,0.035978902,0.023414893,0.006792837,-0.013968241,-0.03829856,-0.06481897,-0.09135913,-0.11520562,-0.1336193,-0.14444295,-0.14655903,-0.14011966,-0.12650913,-0.1080084,-0.08722921,-0.06652853,-0.04761858,-0.031452466,-0.018348807,-0.008180515,-0.000549236,0.005057192,0.009130497,0.012027262,0.013943395
0.061601866,0.07128273,0.08047151,0.08844156,0.09438328,0.09746935,0.096977286,0.09234754,0.08310557,0.06893864,0.050032258,0.027323466,0.002481532,-0.022317726,-0.044779032,-0.06298936,-0.075835824,-0.08316221,-0.08564841,-0.08451973,-0.08120339,-0.076964974,-0.07262297,-0.06846307,-0.06437538,-0.060075395,-0.055284027,-0.0498517,-0.043830425,-0.037473474
0.12290669,0.15700142,0.19440652,0.23301794,0.27033085,0.3037055,0.33060485,0.34867692,0.35577542,0.35007563,0.3303262,0.2961228,0.24817134,0.18843794,0.120059945,0.047010288,-0.026349664,-0.09577818,-0.15764073,-0.20925249,-0.24904254,-0.27654463,-0.29218367,-0.29692286,-0.29201624,-0.27888665,-0.25910595,-0.23444434,-0.20683566,-0.17822476
0.09705953,0.124129936,0.15414904,0.1853772,0.21567763,0.24272107,0.26420477,0.27802855,0.2824537,0.27624366,0.25876197,0.23007928,0.19112386,0.14371142,0.090384595,0.034173314,-0.021656439,-0.073916085,-0.11986068,-0.15752682,-0.18595654,-0.20515576,-0.21574451,-0.21857435,-0.21462195,-0.20502833,-0.19101012,-0.17373931,-0.15439105,-0.13424437
0.13258515,0.1648907,0.19918108,0.23346744,0.26547253,0.29274407,0.31276187,0.32312423,0.32179403,0.307358,0.27926403,0.23794758,0.1848979,0.12272366,0.055069175,-0.013782911,-0.079539426,-0.1384977,-0.18796974,-0.22646202,-0.25359908,-0.26988775,-0.27636465,-0.27425584,-0.26484346,-0.24947824,-0.2295391,-0.20635757,-0.18124813,-0.15558933
0.111769356,0.14205398,0.17571934,0.21128997,0.24680336,0.27997392,0.30836374,0.32948416,0.34090483,0.3404578,0.32651675,0.29822686,0.25570026,0.20024633,0.13446961,0.062034525,-0.012794634,-0.0856186,-0.15234505,-0.20960441,-0.25502738,-0.28736454,-0.30645344,-0.31302625,-0.30843514,-0.29442343,-0.27296382,-0.24609597,-0.21585362,-0.18427208
0.12977389,0.15948614,0.19145256,0.22365688,0.2537777,0.27938366,0.2981031,0.307794,0.30667186,0.2934328,0.26741925,0.22882207,0.1788383,0.11972914,0.054712888,-0.012353165,-0.077428386,-0.13673156,-0.18711007,-0.22637615,-0.25357258,-0.26899657,-0.27384263,-0.26967624,-0.2581272,-0.24081957,-0.21932617,-0.1951156,-0.16959076,-0.14414959
0.04016602,0.05308141,0.06791648,0.083761394,0.099427044,0.11358472,0.12493825,0.13229817,0.13460635,0.13107944,0.12140217,0.10578671,0.08494074,0.06005384,0.032705918,0.004646513,-0.022444116,-0.04709288,-0.06807613,-0.08447755,-0.09581379,-0.10215935,-0.10411951,-0.10259984,-0.098535955,-0.092740245,-0.08586586,-0.07841375,-0.07073987,-0.06310074
-0.18491991,-0.23980221,-0.29828927,-0.35697427,-0.4121532,-0.46009424,-0.49724105,-0.52037716,-0.5267166,-0.51401466,-0.4808228,-0.4268718,-0.35344043,-0.26349947,-0.16153906,-0.053140186,0.0556246,0.15890022,0.25170985,0.33033335,0.392339,0.43642294,0.462217,0.47015777,0.46143126,0.43793517,0.4021895,0.35723525,0.3065421,0.2538372
0.08776814,0.110400274,0.13519621,0.16077735,0.1853365,0.20683323,0.22317633,0.23239169,0.23285206,0.22359042,0.20458059,0.17678845,0.14198749,0.10249862,0.06090888,0.019733243,-0.018943114,-0.053682785,-0.08366958,-0.10855572,-0.12833439,-0.1432469,-0.15365955,-0.1598935,-0.16211183,-0.16036028,-0.15474817,-0.1456396,-0.13370287,-0.119834535
-0.11205716,-0.14876562,-0.18872702,-0.22954369,-0.26836812,-0.30218366,-0.32811907,-0.34365848,-0.34674206,-0.3358281,-0.31000686,-0.2692533,-0.21468197,-0.14863881,-0.0745446,0.003457922,0.080933474,0.15357903,0.21765406,0.27032012,0.30977353,0.33518502,0.34655645,0.34461823,0.33074138,0.30678338,0.27492008,0.2375788,0.1974155,0.15717761
-0.0794904,-0.107443646,-0.13868842,-0.17178605,-0.20499623,-0.2364299,-0.2641975,-0.28653535,-0.30185953,-0.30872935,-0.30583084,-0.2921065,-0.26699373,-0.23067136,-0.18423834,-0.12976311,-0.07015479,-0.008842071,0.050629072,0.1049881,0.15158148,0.18859683,0.2151014,0.23091651,0.23644298,0.23255046,0.22049724,0.20187373,0.17860937,0.15294138
0.105555244,0.13850379,0.17499271,0.2130461,0.25031826,0.28430092,0.31241363,0.33210152,0.34100524,0.33721188,0.3196068,0.28817356,0.24408978,0.18962327,0.12790185,0.06255627,-0.00268944,-0.06440372,-0.11978232,-0.16687629,-0.2046016,-0.23254183,-0.25070286,-0.25936532,-0.25907272,-0.25067678,-0.23533764,-0.21451487,-0.18996102,-0.16364245
-0.09343705,-0.11093833,-0.12834176,-0.14471601,-0.15903048,-0.17016357,-0.1770464,-0.17882796,-0.17486462,-0.16464216,-0.14783889,-0.1245024,-0.09515294,-0.060787715,-0.022868033,0.01676574,0.05609669,0.093139164,0.12610629,0.15358295,0.17462924,0.18872161,0.19568916,0.19572787,0.18938594,0.17751539,0.16120641,0.14168093,0.12020735,0.09808821
0.053445976,0.07362083,0.09696733,0.12236081,0.1483643,0.17340222,0.19587643,0.2142756,0.22722156,0.23341171,0.23161185,0.22086637,0.2008234,0.17190747,0.13532211,0.09296626,0.04725354,0.000845233,-0.04365281,-0.08392233,-0.11808147,-0.14483932,-0.16363463,-0.17461337,-0.17841555,-0.17591706,-0.1680822,-0.15597841,-0.14084113,-0.12405984
-0.12793472,-0.14744279,-0.16523623,-0.18002003,-0.19049692,-0.19535008,-0.19331534,-0.18339248,-0.16503988,-0.13829106,-0.103850015,-0.06315647,-0.018320996,0.028077206,0.07331174,0.11487077,0.15072902,0.1794789,0.20038119,0.21330214,0.21850887,0.21647845,0.2078571,0.19347657,0.17433858,0.15162379,0.1267002,0.10104924,0.07614149,0.053284984
-0.14805496,-0.19183953,-0.23985755,-0.28962886,-0.33818933,-0.38226435,-0.41852304,-0.443901,-0.4558162,-0.45231462,-0.43225792,-0.39549032,-0.34294054,-0.2766579,-0.19972837,-0.11598488,-0.029611204,0.05522769,0.13467802,0.20541254,0.2647943,0.31099448,0.34302545,0.3606777,0.36440483,0.35521042,0.33462673,0.30479,0.26842657,0.22864468
0.15195405,0.18612336,0.22175702,0.25654435,0.2877009,0.31213066,0.3266522,0.32830077,0.3146857,0.28440055,0.23742092,0.17538038,0.10162119,0.020900194,-0.061254427,-0.13936085,-0.2087431,-0.26605067,-0.30946514,-0.3386022,-0.35418043,-0.35758182,-0.35045564,-0.3344807,-0.3112834,-0.28240958,-0.24934256,-0.21358937,-0.1767194,-0.14028497
0.118544064,0.15233341,0.1888686,0.22610052,0.26156163,0.29241434,0.315624,0.32826945,0.32786915,0.31270742,0.28220558,0.23723333,0.18018124,0.114712864,0.045245267,-0.02374151,-0.08831814,-0.1454661,-0.19323142,-0.23069897,-0.2577743,-0.274866,-0.2825979,-0.2816774,-0.2729105,-0.25725338,-0.23588091,-0.21024221,-0.18198135,-0.15275195
0.15939467,0.19321185,0.22835113,0.26246855,0.29291847,0.31691757,0.3315906,0.33414012,0.3222518,0.2945538,0.25095618,0.1928489,0.12314251,0.046070587,-0.033315547,-0.10983864,-0.17887494,-0.2368836,-0.2817703,-0.31298733,-0.33124134,-0.33794713,-0.3347378,-0.32320568,-0.3048465,-0.2810738,-0.25325772,-0.22277085,-0.19100606,-0.1593352
0.10734059,0.13245076,0.15932156,0.18646105,0.21205242,0.23410697,0.25057867,0.2594478,0.2588224,0.24709828,0.22322878,0.1870539,0.13957687,0.0830403,0.02067471,-0.043776304,-0.10646902,-0.16376293,-0.21260354,-0.25090298,-0.27766007,-0.2927984,-0.29691947,-0.29109135,-0.27670145,-0.25534257,-0.22869588,-0.19847025,-0.16641556,-0.13426249
0.043074604,0.0587719,0.07667943,0.09579869,0.11509587,0.13358133,0.15015636,0.16353649,0.1724057,0.17559837,0.17213537,0.16126348,0.14266379,0.11674772,0.08476821,0.048636436,0.010597482,-0.027088009,-0.06236679,-0.093518354,-0.11923097,-0.13865824,-0.15145344,-0.15773521,-0.1579614,-0.15277465,-0.14296113,-0.12948877,-0.11353036,-0.09640828
-0.049176488,-0.060175426,-0.071071886,-0.081107855,-0.08959389,-0.09572598,-0.09852918,-0.09706556,-0.09065313,-0.07896947,-0.062157243,-0.040948674,-0.016668359,0.008898851,0.033756733,0.056092378,0.07458231,0.08844913,0.09740983,0.101609774,0.10153363,0.097850226,0.09117424,0.08200186,0.070927404,0.058776554,0.046467103,0.034790955,0.024306789,0.015403295
0.020319903,0.032837432,0.047311883,0.06325954,0.08011555,0.09723197,0.113815814,0.12893659,0.14162599,0.15100202,0.15629202,0.1568192,0.15212597,0.14215562,0.12732998,0.108475514,0.086629115,0.06281818,0.038009457,0.013178825,-0.010699429,-0.032704446,-0.05195888,-0.06766493,-0.07920214,-0.0862282,-0.08878723,-0.08732948,-0.08262678,-0.07567612
0.038402643,0.05043858,0.06410844,0.0793224,0.09575849,0.11263134,0.12883434,0.14329791,0.15517354,0.16371885,0.16808122,0.16724513,0.16027075,0.14671364,0.12692863,0.10202969,0.07360516,0.043410573,0.013100122,-0.015913099,-0.0424052,-0.06535198,-0.084103346,-0.09841241,-0.10821848,-0.11348738,-0.11428635,-0.11098086,-0.10431655,-0.09531708
0.07414653,0.096251555,0.120485984,0.14576828,0.17058326,0.19311231,0.2114111,0.22354321,0.22773431,0.22257547,0.20732105,0.18215542,0.14826712,0.10771607,0.063098274,0.017108168,-0.027766652,-0.06936047,-0.10592414,-0.13627954,-0.1599269,-0.17689204,-0.18741223,-0.19178316,-0.19035684,-0.18355705,-0.17197448,-0.15646172,-0.13810496,-0.11820873
0.066808835,0.09056903,0.11714091,0.14558724,0.17469306,0.20295615,0.22866158,0.24998407,0.2650966,0.27233067,0.27035153,0.25827566,0.23585483,0.2037727,0.16374062,0.11818459,0.06980221,0.02123947,-0.025130754,-0.06737888,-0.104113705,-0.13441727,-0.1576763,-0.17349009,-0.18172087,-0.18262191,-0.17688824,-0.1656119,-0.15023813,-0.13249815
-0.13944969,-0.17811544,-0.22054882,-0.26442704,-0.30660978,-0.3435015,-0.37155497,-0.38770136,-0.38957655,-0.37566465,-0.34546086,-0.29961598,-0.2399637,-0.1694079,-0.09172282,-0.011202226,0.06782799,0.14147481,0.2065637,0.2607382,0.30243778,0.33087358,0.34598422,0.34831885,0.338861,0.31888884,0.29000026,0.2542469,0.21413915,0.172462
-0.0355423,-0.0441652,-0.052969087,-0.061240118,-0.06821683,-0.07306219,-0.07486895,-0.07286503,-0.06657839,-0.055821963,-0.04082203,-0.022395236,-0.001764321,0.019750396,0.040817868,0.060058266,0.07608505,0.0877872,0.094699964,0.09702967,0.0952671,0.089929774,0.08163834,0.0711941,0.05940642,0.046953402,0.034487646,0.022760559,0.012452265,0.003894217
-0.062257964,-0.07092373,-0.07963675,-0.08766043,-0.0940245,-0.09755241,-0.09695157,-0.091006935,-0.078850634,-0.060232595,-0.035677988,-0.006482776,0.025375139,0.05742174,0.08707579,0.11208662,0.13075233,0.14200534,0.14557306,0.14206547,0.13280551,0.119427584,0.103489704,0.086331904,0.069086604,0.052655883,0.037669573,0.024486719,0.013275058,0.004136739
-0.08661968,-0.10286403,-0.11912714,-0.13455245,-0.14815837,-0.15884256,-0.16545509,-0.1669593,-0.1625602,-0.15176252,-0.13445781,-0.11105774,-0.082545266,-0.050355148,-0.01619732,0.018088287,0.050669473,0.079811856,0.10401975,0.12225739,0.1340816,0.13960737,0.13940552,0.13437909,0.12554555,0.113790356,0.09984396,0.08442617,0.068391204,0.05279022
0.04352501,0.06044247,0.07965861,0.100459464,0.12187844,0.14275931,0.16188441,0.17803945,0.1900299,0.19672583,0.19711293,0.19032037,0.1758109,0.1536812,0.12480906,0.09074363,0.053477947,0.015147473,-0.022227988,-0.056857992,-0.08726886,-0.11236652,-0.1314135,-0.14403138,-0.15022096,-0.15031785,-0.14495806,-0.13509102,-0.12196981,-0.106999755
0.006549237,0.012723906,0.020206796,0.028742146,0.038043756,0.047881003,0.058053866,0.06830036,0.07823828,0.08738163,0.09516972,0.10095461,0.10399515,0.10353626,0.09904617,0.090479694,0.078300744,0.06330014,0.046455648,0.028818913,0.011341158,-0.005219935,-0.020274477,-0.033376098,-0.044215363,-0.052596338,-0.05843602,-0.061758857,-0.06270901,-0.06158712
-0.07098609,-0.089911655,-0.11057376,-0.13182595,-0.15228382,-0.17039907,-0.18452625,-0.19302212,-0.19442219,-0.18769155,-0.17239632,-0.14875808,-0.11772235,-0.080972865,-0.040800184,0.000143851,0.039207246,0.07415564,0.10342711,0.12608859,0.14172192,0.15043463,0.15282683,0.14978725,0.14227019,0.13121608,0.117538586,0.10213808,0.08594351,0.06994577
0.106578216,0.13471,0.1659155,0.1988089,0.23166013,0.26244214,0.28885815,0.30839393,0.3184529,0.31658706,0.30080247,0.2699596,0.22426407,0.16557881,0.09729181,0.023781506,-0.05021241,-0.12009653,-0.18187392,-0.23257552,-0.27056685,-0.29555103,-0.30824637,-0.30995268,-0.30222243,-0.28669265,-0.26502058,-0.23886919,-0.20987736,-0.17961468
0.046149697,0.06929407,0.09705838,0.12845689,0.1622096,0.19684337,0.23071483,0.26200488,0.28865233,0.30834574,0.31867185,0.31739852,0.302851,0.2742572,0.23190096,0.17718987,0.11274114,0.04231464,-0.029541433,-0.098092824,-0.15910074,-0.20938371,-0.24707331,-0.27156287,-0.2832944,-0.2834742,-0.27377385,-0.25613627,-0.23267087,-0.20551808
-0.024523018,-0.021871436,-0.016246673,-0.007641842,0.003732013,0.017565366,0.03345887,0.050941907,0.069478974,0.08836431,0.10661386,0.12297421,0.1359982,0.14410393,0.14571482,0.13953756,0.12491511,0.10214797,0.07264835,0.038793713,0.003477191,-0.030463137,-0.060657714,-0.0853945,-0.10367858,-0.11520738,-0.12028229,-0.1196809,-0.114488915,-0.10587396
0.08431947,0.11123269,0.14201061,0.1750143,0.20820713,0.2393417,0.26605326,0.28593385,0.2966468,0.29608956,0.28263575,0.25546145,0.2148776,0.16256747,0.10158374,0.03601253,-0.0296099,-0.090918556,-0.14430143,-0.18736033,-0.21908247,-0.23965897,-0.250051,-0.25155422,-0.24552765,-0.23328604,-0.2160599,-0.19502844,-0.17145362,-0.14678794
0.04977724,0.07381866,0.10233842,0.13410075,0.16745767,0.20053305,0.23136279,0.25790748,0.2780081,0.28945732,0.29021582,0.27866256,0.25389722,0.21607536,0.16659458,0.10805901,0.044089038,-0.021071061,-0.0831653,-0.1385231,-0.18444456,-0.21934777,-0.24271433,-0.25488234,-0.25679898,-0.24979578,-0.2354172,-0.21531978,-0.19124644,-0.16501221
0.15334645,0.18616673,0.22213982,0.25951132,0.2961022,0.32947546,0.3570892,0.37643582,0.38516253,0.38115153,0.36261448,0.328316,0.2779397,0.21245943,0.13435373,0.04755776,-0.042873144,-0.13129926,-0.21214582,-0.28060955,-0.33329833,-0.36858067,-0.38652804,-0.38857874,-0.37707573,-0.3548031,-0.32464254,-0.2894107,-0.2517549,-0.21401505
0.19360332,0.23551871,0.28035995,0.32569864,0.36849868,0.40529576,0.43248677,0.44659913,0.44446978,0.42352232,0.38225067,0.32070404,0.24084654,0.1466699,0.043868117,-0.06086944,-0.16070467,-0.24950093,-0.32257572,-0.37718883,-0.4126093,-0.42976296,-0.43066528,-0.41790038,-0.3942595,-0.3624616,-0.32500702,-0.284222,-0.24232519,-0.20140438
-0.018343171,-0.02830376,-0.038416136,-0.04761166,-0.05472662,-0.05860056,-0.058168005,-0.052545454,-0.041202553,-0.024210107,-0.002430116,0.022474347,0.048200794,0.07208042,0.09143762,0.104046114,0.10858829,0.10491109,0.09399385,0.07766816,0.058190774,0.037788123,0.01832915,0.001146472,-0.013023172,-0.02399616,-0.032008402,-0.037531942,-0.041104864,-0.043203603
0.06615208,0.07651477,0.08819238,0.100711055,0.11337309,0.1253403,0.13566881,0.14336154,0.14742602,0.14687622,0.14077333,0.12836516,0.10926889,0.083624005,0.052218772,0.016539754,-0.021322114,-0.058915704,-0.09374582,-0.123584665,-0.14677316,-0.16245942,-0.17065504,-0.17206907,-0.1678309,-0.15918542,-0.14728285,-0.13315578,-0.11778749,-0.10210629
0.18067579,0.23001389,0.28536636,0.34446543,0.4043822,0.46172765,0.51281923,0.55382365,0.5808986,0.5903509,0.578861,0.543856,0.4840518,0.40001234,0.29452765,0.17268525,0.041587908,-0.090328954,-0.21436939,-0.3228171,-0.41000503,-0.47292247,-0.5111871,-0.5264933,-0.52187234,-0.50099283,-0.4676167,-0.42532468,-0.37751842,-0.32745472
0.15658227,0.19494368,0.23629732,0.2783427,0.31843126,0.35367763,0.38112563,0.39791763,0.40146193,0.38963348,0.36105198,0.31541535,0.25374335,0.17850941,0.09359473,0.0039568,-0.08488949,-0.16745687,-0.23892534,-0.2957627,-0.3361158,-0.35982022,-0.36804762,-0.36281037,-0.34654078,-0.321812,-0.29114106,-0.256895,-0.22126745,-0.18626615
0.033766437,0.048775703,0.06540078,0.083051644,0.100930445,0.11808348,0.13354005,0.14638563,0.15570629,0.16057676,0.16017693,0.15395498,0.14177312,0.1239858,0.10146167,0.07549626,0.047608316,0.019291606,-0.008108618,-0.033386495,-0.055507224,-0.07372119,-0.087596975,-0.096926644,-0.10168806,-0.10210028,-0.09861929,-0.09192323,-0.08294205,-0.07278631
-0.12662868,-0.162341,-0.20068616,-0.2396185,-0.27688366,-0.31020337,-0.33737367,-0.3562979,-0.3649914,-0.3616652,-0.34495777,-0.31424847,-0.26995033,-0.21364391,-0.14797464,-0.076363094,-0.002635646,0.06934033,0.13601576,0.19445215,0.24249512,0.27880955,0.30280063,0.3144676,0.31432685,0.30343264,0.2834215,0.25646752,0.22510642,0.19196887
-0.09313704,-0.12936239,-0.17018028,-0.21334976,-0.2562291,-0.29602328,-0.32996348,-0.35545444,-0.37018463,-0.37224954,-0.3602848,-0.3336406,-0.29261318,-0.23863356,-0.17427112,-0.10300046,-0.028830338,0.04410583,0.111974105,0.17160077,0.22069718,0.2579234,0.2827605,0.29530618,0.29615027,0.286344,0.26740864,0.24134378,0.21058115,0.17780271
0.05138146,0.07168121,0.09426732,0.11798301,0.14139603,0.1629423,0.1810352,0.19414824,0.20091756,0.20031597,0.19183359,0.17556828,0.15222643,0.12308531,0.089884825,0.054635514,0.019336332,-0.014288044,-0.04488682,-0.07143876,-0.09321583,-0.10979116,-0.121045224,-0.12711805,-0.12831722,-0.12506515,-0.11794073,-0.10774029,-0.09547761,-0.08232664
0.10455029,0.13371281,0.16480294,0.19627284,0.22620223,0.25239515,0.27250195,0.28419378,0.28540286,0.27462903,0.25120896,0.21547666,0.16885835,0.11387751,0.053925905,-0.007195312,-0.0658504,-0.11900793,-0.16442499,-0.20067799,-0.22709246,-0.24359053,-0.25056025,-0.24875334,-0.23915085,-0.22288138,-0.20127091,-0.17591856,-0.1486671,-0.121456355
-0.101314865,-0.12420334,-0.1480603,-0.17143826,-0.19264004,-0.20987043,-0.22140092,-0.2256484,-0.22121422,-0.20699243,-0.18242443,-0.14778368,-0.1043524,-0.05441748,-0.00104638,0.05233277,0.10240254,0.1463322,0.18200874,0.20817643,0.2244615,0.23120023,0.22918424,0.21951126,0.20351274,0.18266122,0.15851179,0.13267694,0.10676393,0.082286045
-0.0979843,-0.12794879,-0.16099747,-0.19527029,-0.22863519,-0.25885376,-0.2837169,-0.30117133,-0.30940753,-0.3069108,-0.29257807,-0.26595193,-0.22749001,-0.17873432,-0.12223259,-0.061226234,0.000746372,0.060233906,0.114193,0.16023399,0.19678298,0.22311896,0.2392221,0.2455376,0.24282674,0.23213829,0.21480095,0.19241074,0.16680814,0.13998212
-0.05000999,-0.056763638,-0.06310239,-0.06852041,-0.07249406,-0.0745138,-0.074085735,-0.07078544,-0.06435978,-0.054784637,-0.042225137,-0.026963426,-0.009391349,0.009902022,0.030080205,0.05013821,0.069016546,0.08569519,0.09929052,0.109218016,0.115304604,0.117715195,0.11676737,0.112816796,0.106229804,0.09740099,0.086800314,0.07499875,0.06260984,0.050189443
-0.11097099,-0.14134026,-0.17332993,-0.20505781,-0.23446748,-0.25953904,-0.27843645,-0.2895041,-0.29122767,-0.28230688,-0.2618688,-0.22968449,-0.18635315,-0.13345303,-0.07351893,-0.009749677,0.054382313,0.11546097,0.17041038,0.21672158,0.25257742,0.27691913,0.2894614,0.29059777,0.28126147,0.26284117,0.23715149,0.20639753,0.17306061,0.13965347
-0.072486036,-0.09024428,-0.10937833,-0.1286437,-0.146507,-0.16136782,-0.17175172,-0.17642984,-0.17445955,-0.1651792,-0.14826599,-0.123884276,-0.0928076,-0.056402337,-0.016485484,0.02485445,0.06543357,0.103169695,0.13632223,0.16368206,0.18458702,0.19878674,0.20630762,0.20738135,0.20241998,0.19202475,0.17699097,0.1582674,0.13691331,0.11408511
-0.021525875,-0.026908394,-0.03194727,-0.035969477,-0.038357608,-0.038686454,-0.036737032,-0.03239103,-0.025548883,-0.016126396,-0.004094008,0.010429466,0.02704936,0.045031164,0.06336546,0.080873914,0.09636049,0.10881018,0.11753103,0.12217388,0.12268809,0.119244255,0.11214461,0.10180454,0.0888316,0.0740338,0.05827758,0.042367224,0.02701639,0.012826844
-0.10361231,-0.13161464,-0.1613457,-0.19086652,-0.21818161,-0.24142165,-0.25883564,-0.2688075,-0.26995435,-0.26119226,-0.24183418,-0.21176414,-0.17158525,-0.122663684,-0.06711697,-0.007746143,0.052228153,0.1095918,0.16152301,0.2058322,0.24103943,0.26627466,0.2811409,0.28567788,0.28039044,0.26624322,0.24461651,0.2172599,0.18621717,0.15366879
-0.033183277,-0.04025793,-0.04756649,-0.05476681,-0.06160872,-0.06798784,-0.07383083,-0.07898027,-0.08308688,-0.08550568,-0.0853508,-0.081737265,-0.074050866,-0.062121667,-0.046272438,-0.027259342,-0.006156379,0.015766012,0.0371906,0.0569127,0.073907055,0.08731641,0.09654759,0.10141187,0.10209153,0.09897199,0.09256397,0.083558865,0.072851695,0.061410587
-0.06584746,-0.08749039,-0.11135748,-0.1359055,-0.15933514,-0.17986903,-0.19590057,-0.20604336,-0.20914541,-0.20431559,-0.19103305,-0.16931868,-0.13985354,-0.103951104,-0.063404985,-0.020284295,0.023285719,0.06529954,0.10398826,0.13789362,0.16591807,0.18735357,0.20187594,0.20946762,0.21030885,0.20472343,0.19319595,0.17644969,0.15554179,0.13188274
0.02781438,0.03487775,0.042286247,0.049330603,0.055238564,0.059195746,0.060426947,0.058332153,0.052627955,0.043494176,0.03161182,0.018057963,0.004129492,-0.008833976,-0.019640459,-0.027497254,-0.03219961,-0.034080207,-0.033779126,-0.032047767,-0.029677542,-0.027398476,-0.025659414,-0.024508491,-0.023714913,-0.022996945,-0.022165544,-0.021091536,-0.019640924,-0.01776607
0.028256357,0.031812888,0.035599843,0.039455734,0.04314434,0.04623748,0.04819123,0.048561223,0.047102872,0.043801185,0.03897748,0.033318724,0.027687984,0.022853073,0.019305343,0.017149242,0.016064882,0.015446892,0.014675238,0.013316585,0.01113405,0.007987014,0.003785663,-0.001439836,-0.007459439,-0.013881457,-0.020274272,-0.026229264,-0.031329855,-0.03516368
-0.046857066,-0.06097731,-0.07600185,-0.09111946,-0.10540671,-0.11787402,-0.1275508,-0.1335621,-0.13510121,-0.13137093,-0.121650316,-0.10552531,-0.083136596,-0.055229366,-0.023051258,0.011680811,0.04685859,0.08022064,0.1096003,0.13316375,0.14967239,0.15859297,0.1600102,0.15450703,0.1430598,0.12696268,0.10775993,0.087086685,0.0664914,0.047330175
-0.000111464,-0.005656906,-0.01188438,-0.018146766,-0.02379697,-0.02830873,-0.03129177,-0.032396764,-0.031257525,-0.027520744,-0.020923136,-0.011399413,0.000846952,0.015355222,0.03142539,0.04809842,0.06418909,0.0784497,0.08975953,0.09726832,0.100481115,0.09926942,0.093844615,0.08472698,0.07265208,0.058468886,0.043062113,0.027316146,0.012129674,-0.001620389
0.02430526,0.0386863,0.05505455,0.07289984,0.09164305,0.110600136,0.1289919,0.14596502,0.16055852,0.17172557,0.1784556,0.17990771,0.1755019,0.16501549,0.14865775,0.12710911,0.101488866,0.07321234,0.043781567,0.01462553,-0.012969542,-0.03787229,-0.059163954,-0.076215796,-0.08862802,-0.09616223,-0.09882327,-0.097000554,-0.091526054,-0.08357583
0.067033276,0.088083595,0.11089001,0.13439906,0.15748033,0.17892347,0.19742939,0.21164118,0.22024538,0.22217809,0.21683584,0.20420142,0.18485478,0.15983842,0.1305086,0.09840867,0.06505056,0.031782962,-0.000164883,-0.02964149,-0.05566489,-0.07760037,-0.095205866,-0.10845734,-0.1173786,-0.121985815,-0.12235675,-0.118801065,-0.111964785,-0.10279602
-0.06494813,-0.08423842,-0.10592183,-0.1289954,-0.15209135,-0.17364626,-0.19207647,-0.20587806,-0.21365452,-0.21419281,-0.20663741,-0.19063197,-0.16643314,-0.13498683,-0.09790194,-0.05727623,-0.015450667,0.025234146,0.06263827,0.095008515,0.12115468,0.14053175,0.1531447,0.15932964,0.15957661,0.15447553,0.14474581,0.13132748,0.11543482,0.09846311
-0.059903476,-0.08603268,-0.11563828,-0.14703289,-0.17821914,-0.20728105,-0.23246124,-0.25203001,-0.2642236,-0.26733726,-0.2599646,-0.24134023,-0.21160793,-0.17191562,-0.124367855,-0.071820535,-0.017470837,0.035629578,0.08490126,0.12827647,0.16413157,0.19133118,0.20931464,0.21807353,0.21807411,0.21017143,0.19551548,0.1754733,0.15162835,0.12581523
-0.020375418,-0.026884073,-0.03389875,-0.040903665,-0.04731325,-0.0525843,-0.056250736,-0.05791036,-0.05720613,-0.053831916,-0.04758147,-0.038436957,-0.026639633,-0.012694348,0.002660441,0.018489487,0.03374184,0.047414273,0.058712494,0.06711542,0.07237665,0.07448555,0.07358568,0.069939405,0.063951775,0.056151103,0.047132544,0.037520997,0.027923359,0.018868536
-0.025604088,-0.03899163,-0.054414306,-0.07088597,-0.08735656,-0.10290046,-0.11671514,-0.1280419,-0.1361241,-0.14022055,-0.13964653,-0.13389885,-0.12288703,-0.10702234,-0.08707706,-0.06405108,-0.03912343,-0.013572441,0.01134595,0.034517862,0.05506052,0.07233477,0.085870884,0.09533474,0.1005988,0.1017835,0.099199474,0.09332562,0.084841974,0.07459782
-0.007388528,-0.010532811,-0.013924757,-0.017343864,-0.02057554,-0.023344541,-0.025355542,-0.026425958,-0.02656124,-0.025837656,-0.024207221,-0.021474117,-0.017453635,-0.012154896,-0.005868147,0.00088948,0.007505682,0.013399635,0.018136846,0.021500234,0.02343623,0.023966955,0.023218723,0.021472236,0.019076252,0.016298441,0.013283232,0.010133092,0.006992193,0.004059561
-0.0550126,-0.07236391,-0.09131832,-0.110629104,-0.12885776,-0.14460729,-0.15661134,-0.16370289,-0.16482188,-0.15912345,-0.1461189,-0.12577999,-0.09860483,-0.06565325,-0.028545136,0.010594455,0.049360916,0.08543006,0.116838925,0.14214218,0.16046688,0.17146575,0.17522782,0.17220402,0.16312528,0.1489576,0.13093649,0.11054736,0.08933844,0.06871809
0.14284615,0.18030778,0.21988635,0.25910288,0.29501843,0.32443365,0.34409043,0.35091397,0.3423335,0.31673944,0.27400026,0.21578097,0.14549494,0.06789797,-0.011598002,-0.08774936,-0.15620206,-0.21387793,-0.2590334,-0.2911322,-0.31062463,-0.31860986,-0.3164394,-0.30543864,-0.28685218,-0.26194888,-0.2321539,-0.19911075,-0.16462108,-0.13051593
0.12893325,0.16221562,0.19686979,0.23077926,0.26168677,0.28726855,0.3052378,0.31341004,0.3098073,0.29298154,0.26243722,0.21890004,0.16437629,0.102022156,0.03575476,-0.030293526,-0.09227769,-0.14701906,-0.1922336,-0.22661558,-0.24981202,-0.26225412,-0.26487845,-0.25889504,-0.24568388,-0.2267564,-0.20371662,-0.17818072,-0.15169689,-0.12568857
0.140841,0.16858341,0.19626668,0.22204795,0.2437749,0.25913396,0.26585507,0.26186755,0.24547799,0.2157447,0.17294174,0.11883335,0.056604374,-0.00957213,-0.07519047,-0.1361083,-0.18911885,-0.23214462,-0.26407397,-0.28464478,-0.2944265,-0.29461563,-0.28663522,-0.27186078,-0.25156054,-0.22690678,-0.19903462,-0.16913709,-0.1385072,-0.108491056
0.11236583,0.13636546,0.16079648,0.18405017,0.20413962,0.21881363,0.22583948,0.2232701,0.20962828,0.18415701,0.14711605,0.09992491,0.045097727,-0.013932468,-0.073146805,-0.12853509,-0.17675069,-0.2154542,-0.2433616,-0.26025262,-0.26691443,-0.26477033,-0.25531462,-0.23981336,-0.21936864,-0.1950858,-0.16815695,-0.13982502,-0.11128957,-0.08367401
0.10880851,0.14486066,0.18415277,0.22476469,0.2644984,0.30094603,0.33149517,0.353401,0.36400786,0.3611301,0.3434781,0.31090835,0.26451907,0.20664053,0.14067747,0.070710674,0.000926321,-0.06488703,-0.12367954,-0.17336957,-0.21286035,-0.24180284,-0.2603113,-0.2687674,-0.2677186,-0.2579216,-0.24050577,-0.21710953,-0.18983276,-0.16099285
0.11582652,0.14681745,0.17942223,0.21167319,0.24135499,0.26609534,0.28352892,0.29146528,0.2881033,0.27237457,0.24427326,0.2049731,0.1566897,0.102405496,0.04554134,-0.010422984,-0.06237441,-0.10792344,-0.14555882,-0.17458412,-0.19493294,-0.20700517,-0.21153167,-0.20940153,-0.20151943,-0.18878078,-0.17211317,-0.1525689,-0.13140605,-0.11002822
0.104340345,0.13082469,0.15931112,0.18839836,0.21647961,0.24175008,0.26221782,0.2758084,0.2805158,0.27458343,0.25676247,0.22661789,0.18479168,0.13308446,0.07432968,0.012069766,-0.049925834,-0.10808713,-0.15933079,-0.2013672,-0.23297766,-0.2539498,-0.26472697,-0.2661133,-0.2591438,-0.2449867,-0.22491233,-0.20038114,-0.17311834,-0.14500037
0.1104897,0.13076018,0.1507499,0.1691114,0.18431836,0.19460483,0.19799499,0.19255872,0.17682306,0.15012477,0.112820774,0.06643707,0.013688503,-0.04182087,-0.09613578,-0.14554562,-0.1871195,-0.21901207,-0.24047019,-0.2516729,-0.2535422,-0.2474756,-0.23498304,-0.21743262,-0.19601782,-0.1717896,-0.14571077,-0.11879207,-0.09214437,-0.06685239
0.007253859,0.004425688,0.000714778,-0.003800927,-0.008966117,-0.014572302,-0.020407885,-0.026230808,-0.031768195,-0.036768127,-0.040974922,-0.04406287,-0.045655627,-0.045428526,-0.043213576,-0.039030816,-0.033047147,-0.025576465,-0.017179247,-0.00869991,-0.001027184,0.00523835,0.009821596,0.012643611,0.013830897,0.013707382,0.012665739,0.011091276,0.009357876,0.007784583
0.06265824,0.080630414,0.10013847,0.12001553,0.13891262,0.15535542,0.16787824,0.17518397,0.17621274,0.17015263,0.15650082,0.13522239,0.10695301,0.073146895,0.03597738,-0.002102067,-0.038870934,-0.07256807,-0.101916075,-0.12614694,-0.14493516,-0.1582166,-0.16601536,-0.16837893,-0.1654214,-0.1574075,-0.14483608,-0.12853442,-0.10970735,-0.08982673
0.04607139,0.058913186,0.0725965,0.08636104,0.09931805,0.110554636,0.11927969,0.12487655,0.12683661,0.12467068,0.117921054,0.10633546,0.09007932,0.06983565,0.04671796,0.022017434,-0.003009923,-0.027184943,-0.049459744,-0.06904148,-0.08540689,-0.098220214,-0.10728604,-0.112521015,-0.11391276,-0.11153294,-0.1055981,-0.0965283,-0.085006535,-0.072027296
0.113478124,0.13620786,0.15901645,0.1801762,0.1979201,0.21051833,0.21625543,0.21351157,0.20102613,0.17817706,0.14517869,0.10330485,0.05504834,0.003902179,-0.04630592,-0.0921896,-0.13132164,-0.16233045,-0.18475214,-0.19888726,-0.20561244,-0.20603696,-0.20114523,-0.19166534,-0.17816842,-0.16124964,-0.1416862,-0.120510526,-0.09893897,-0.07817555
0.02738872,0.030141478,0.032367844,0.033838533,0.03418267,0.032923244,0.029636867,0.024120547,0.016444124,0.006952148,-0.003714453,-0.014642093,-0.024776692,-0.033125367,-0.038927943,-0.041799843,-0.041850165,-0.039658617,-0.036070634,-0.031957407,-0.028037505,-0.02478537,-0.022417532,-0.02090705,-0.019993303,-0.01925552,-0.018289803,-0.016872577,-0.015028873,-0.012976808
0.09355382,0.10832934,0.12198251,0.13325159,0.14087802,0.14368568,0.14061096,0.13071321,0.113291875,0.08811209,0.0557493,0.017894324,-0.022702675,-0.06269291,-0.09869299,-0.12790269,-0.1486762,-0.16071859,-0.16486381,-0.16269796,-0.15607105,-0.14659499,-0.13534184,-0.122838594,-0.109284796,-0.09481884,-0.07967425,-0.06427925,-0.04931611,-0.03559652
-0.10822191,-0.14850284,-0.19363105,-0.24130492,-0.2885934,-0.33230993,-0.3693548,-0.39690304,-0.41243038,-0.413759,-0.3992777,-0.36824325,-0.3210798,-0.2595244,-0.18654281,-0.10603289,-0.022406025,0.059886627,0.13679467,0.20498861,0.26201403,0.30628794,0.3369432,0.35366708,0.35667276,0.34679404,0.3255472,0.29511315,0.25820574,0.21782531
-0.04942084,-0.07149886,-0.097218,-0.12552385,-0.15488687,-0.18355805,-0.20979945,-0.23196211,-0.24846442,-0.2578009,-0.25865197,-0.25005153,-0.23156095,-0.20342174,-0.16666591,-0.12310326,-0.07514928,-0.025550889,0.022871172,0.067460015,0.10598924,0.13692294,0.15949972,0.1735971,0.17957282,0.17813432,0.17022924,0.15705265,0.14008716,0.12101425
0.058586698,0.072183326,0.0867942,0.10165194,0.11587828,0.12858674,0.13884705,0.14562142,0.14784865,0.1446488,0.13554785,0.120627604,0.10056166,0.07659407,0.05043707,0.02398298,-0.001059369,-0.02336685,-0.0420618,-0.056761947,-0.06758547,-0.07500175,-0.07960188,-0.08194892,-0.08251922,-0.081684545,-0.079716474,-0.076778956,-0.0729504,-0.068309955
-0.04027552,-0.056478616,-0.075216286,-0.09580006,-0.117226526,-0.13832305,-0.15788417,-0.17471322,-0.18758103,-0.1952366,-0.1965113,-0.19043453,-0.17635779,-0.15413049,-0.1242962,-0.08821066,-0.047975644,-0.00620372,0.034325685,0.07107439,0.102099344,0.12620117,0.1428395,0.15198739,0.15405576,0.14983751,0.14039415,0.1269491,0.11083966,0.09348062
0.015014643,0.01723515,0.01886926,0.01957069,0.019281346,0.018120766,0.016157206,0.013385974,0.009838969,0.005615023,0.000874853,-0.004094739,-0.008810378,-0.012706641,-0.015392438,-0.01675184,-0.016815428,-0.015635664,-0.013374509,-0.010461112,-0.007463141,-0.004753398,-0.002447209,-0.000613476,0.000602736,0.000997019,0.000386763,-0.001226289,-0.003547149,-0.006085377
0.07364492,0.08827576,0.103350155,0.1176567,0.1300885,0.13960294,0.14510787,0.14551091,0.1398456,0.12746795,0.108319506,0.08314728,0.053525474,0.021638697,-0.010124752,-0.039654654,-0.065436,-0.08652386,-0.10234054,-0.112595625,-0.11738572,-0.117256254,-0.113065116,-0.105840646,-0.096685685,-0.08659546,-0.07634694,-0.06651607,-0.057463247,-0.04935368
0.014984688,0.01605142,0.016622284,0.016662398,0.01618015,0.015120755,0.013346021,0.010707834,0.007154184,0.002789133,-0.002178631,-0.007483767,-0.01272988,-0.01732645,-0.020621208,-0.022146378,-0.02176165,-0.019644748,-0.016211463,-0.012019328,-0.007682905,-0.00378404,-0.000790304,0.000988524,0.001499905,0.001019743,-1.56E-05,-0.001249035,-0.002470687,-0.003600167
-0.0409187,-0.058547325,-0.07862986,-0.100323215,-0.12240469,-0.14337535,-0.1617036,-0.17597733,-0.18492225,-0.18747391,-0.18288986,-0.17078812,-0.15120643,-0.124723785,-0.092521645,-0.05628945,-0.018028174,0.020163978,0.05630836,0.088718995,0.11606967,0.13741475,0.15221183,0.16032054,0.16195224,0.1575787,0.14786492,0.13369292,0.116226844,0.09692045
0.13183853,0.16152121,0.19303617,0.22434232,0.25310075,0.2767675,0.2927892,0.2988642,0.2931421,0.27442074,0.24239287,0.19786407,0.1428598,0.0805405,0.014866439,-0.049910467,-0.10980183,-0.16157243,-0.20300159,-0.23295853,-0.25138742,-0.25913566,-0.2576099,-0.24847478,-0.23347636,-0.21431407,-0.19250715,-0.16928297,-0.14568304,-0.12274239
-0.04001745,-0.058169015,-0.07879692,-0.10092391,-0.1234252,-0.14508422,-0.16463132,-0.1808126,-0.1924386,-0.19839914,-0.19767049,-0.18938172,-0.1730105,-0.14860725,-0.116880305,-0.07921437,-0.037633378,0.005439262,0.04755513,0.08650629,0.12046153,0.1480587,0.16838095,0.18090175,0.18549252,0.18242452,0.17241879,0.1567457,0.137111,0.11533941
0.02026795,0.023679972,0.026966007,0.029856034,0.032121338,0.03363211,0.034312356,0.034076102,0.032851826,0.030610204,0.02733489,0.023022044,0.017784858,0.011949424,0.005994322,0.000394997,-0.004481124,-0.008381181,-0.011160302,-0.012818594,-0.013531644,-0.013603088,-0.013335695,-0.012934505,-0.012508112,-0.012112988,-0.011801547,-0.011630754,-0.011618467,-0.011710165
0.025045898,0.029183688,0.03296893,0.03605466,0.038206585,0.039252914,0.03898238,0.037124783,0.03338877,0.027547343,0.019582152,0.009820502,-0.001031518,-0.011998266,-0.022018282,-0.030157732,-0.035816472,-0.03884026,-0.039525453,-0.03849774,-0.03646587,-0.034000967,-0.031467784,-0.02905532,-0.026807483,-0.024664408,-0.022562418,-0.020504555,-0.018512899,-0.016580736
0.116149895,0.14474839,0.17583637,0.20766547,0.23809414,0.26474833,0.2851777,0.29698402,0.2979824,0.28646213,0.2614477,0.22292633,0.17208533,0.11147004,0.044839688,-0.023311269,-0.08839709,-0.14638269,-0.19430296,-0.23052342,-0.2547157,-0.26758885,-0.2704884,-0.2650247,-0.2528059,-0.23530269,-0.21383597,-0.18966264,-0.16405806,-0.1383289
0.10370044,0.12519686,0.1476563,0.16960263,0.18926679,0.20478721,0.21436283,0.2163483,0.20935483,0.19241145,0.16522665,0.12850784,0.084114335,0.034871425,-0.015855955,-0.064623676,-0.10838107,-0.1448703,-0.17276822,-0.19160914,-0.20165908,-0.2037797,-0.1992268,-0.18940486,-0.1757049,-0.15939908,-0.14156947,-0.123115964,-0.1048155,-0.08733974
-0.006014965,-0.009748957,-0.014267358,-0.019297173,-0.024501057,-0.02948991,-0.03380087,-0.03698409,-0.03871104,-0.03878966,-0.037152976,-0.033839215,-0.028981222,-0.022800192,-0.015497545,-0.007234537,0.001621826,0.010337781,0.018039584,0.02405348,0.028007373,0.029783357,0.029492145,0.027467357,0.024291985,0.02068326,0.017141413,0.013766347,0.0104744,0.007285246
-0.015989596,-0.020147521,-0.025175026,-0.03093093,-0.0370096,-0.042837232,-0.047930505,-0.051979408,-0.054757394,-0.05612416,-0.05601747,-0.05428409,-0.05062526,-0.044785537,-0.036744483,-0.02687759,-0.01598993,-0.005058257,0.005094812,0.013941974,0.021198489,0.026690159,0.030308455,0.032049075,0.03203732,0.03054341,0.027948795,0.024666851,0.021195194,0.018161021
-0.001139449,-0.000953408,-0.000791404,-0.000770888,-0.001067392,-0.001933973,-0.003630384,-0.006312106,-0.00996653,-0.014450016,-0.019520639,-0.024803149,-0.029788824,-0.03388198,-0.036422983,-0.036798745,-0.034732107,-0.030491214,-0.024787895,-0.018510984,-0.012466886,-0.007166005,-0.002770079,0.000720236,0.003238385,0.004683501,0.005118593,0.004811896,0.004104013,0.003318978
-0.016485596,-0.021652618,-0.02762109,-0.03467927,-0.042983547,-0.052248456,-0.061818726,-0.07097591,-0.07900364,-0.085019544,-0.088134,-0.08786718,-0.084306,-0.077896364,-0.06906964,-0.058102183,-0.04531891,-0.031213237,-0.016373582,-0.001567747,0.012138927,0.0236155,0.03209471,0.037358183,0.039591182,0.0392,0.036805727,0.03330682,0.029727273,0.026826909
0.023827316,0.02687379,0.029524999,0.03184879,0.033751633,0.034890473,0.03503658,0.03430363,0.032864425,0.030630516,0.027243063,0.022403542,0.01624909,0.00926087,0.001936343,-0.005203619,-0.011511063,-0.016411273,-0.019717274,-0.021678347,-0.0227263,-0.023271995,-0.023738863,-0.024479294,-0.02541647,-0.025991632,-0.025592474,-0.023866737,-0.020730894,-0.01644478
-0.015365328,-0.015223585,-0.014034069,-0.011972446,-0.009471165,-0.006928547,-0.004446803,-0.001985689,0.000392254,0.002584741,0.004615174,0.006596657,0.008583616,0.010493008,0.01217055,0.013506044,0.01440287,0.014700334,0.014246589,0.013012314,0.011096738,0.008643111,0.005767257,0.002590611,-0.000665354,-0.003636884,-0.005933235,-0.007367542,-0.008025815,-0.008083608
0.01368457,0.010896282,0.007061567,0.002223159,-0.003506287,-0.010024166,-0.017294496,-0.025380371,-0.034341928,-0.044006463,-0.053815514,-0.06283111,-0.06981309,-0.07340235,-0.07250404,-0.06669423,-0.056349568,-0.04251056,-0.026687458,-0.010619388,0.004073761,0.01622286,0.025187884,0.030779952,0.033195917,0.03297971,0.030900253,0.027710877,0.023947844,0.019958157
0.1002756,0.12147129,0.14366871,0.16552615,0.1854626,0.20175458,0.21266691,0.21652295,0.21177952,0.19726957,0.17258589,0.13836958,0.0964094,0.04954949,0.001280413,-0.044947382,-0.086311,-0.120861866,-0.14761427,-0.16655676,-0.17841883,-0.18422304,-0.18488657,-0.18104064,-0.17307402,-0.16133513,-0.14639044,-0.12913223,-0.1106589,-0.09207995
0.15414524,0.19440906,0.23823692,0.2833357,0.3269206,0.36595884,0.39744204,0.41859385,0.42692888,0.42031074,0.3971228,0.35657334,0.2990963,0.22669204,0.14296493,0.05274634,-0.03852794,-0.12543438,-0.20313267,-0.2678793,-0.31739333,-0.35093334,-0.36902094,-0.3729975,-0.3647396,-0.34650445,-0.32063988,-0.2893452,-0.25473332,-0.21897437
0.11007185,0.1405151,0.17434952,0.20961733,0.2439134,0.27470118,0.29955947,0.31629103,0.32299796,0.31821546,0.30109182,0.2715449,0.23035361,0.17916024,0.12040956,0.05721863,-0.006870384,-0.06826429,-0.12371723,-0.17065045,-0.20737495,-0.23320714,-0.2484052,-0.25387195,-0.2508267,-0.24063218,-0.22473677,-0.20463575,-0.18185149,-0.15796766
0.17200755,0.21149738,0.25338092,0.29521716,0.33408198,0.36684683,0.3904053,0.40178427,0.39837754,0.37835586,0.3410348,0.28703493,0.2183152,0.13814065,0.05099367,-0.03773318,-0.12243049,-0.19814435,-0.2611966,-0.30944192,-0.34223536,-0.36020228,-0.36485666,-0.35815635,-0.34214857,-0.31879777,-0.28996214,-0.25746536,-0.22319202,-0.1890764
0.11554229,0.1451343,0.17760032,0.21142727,0.24476059,0.27553165,0.30154252,0.32051486,0.33010626,0.32808995,0.31273788,0.28322762,0.23988765,0.18423015,0.1188624,0.047319125,-0.026249653,-0.097520284,-0.16245548,-0.2177414,-0.26113915,-0.2916239,-0.30923438,-0.31474236,-0.30938563,-0.29476157,-0.27277982,-0.24557908,-0.21539332,-0.1843697
0.16775073,0.20550667,0.24594748,0.28674316,0.32511404,0.35808763,0.38274518,0.39635327,0.3964853,0.3812352,0.349468,0.30107653,0.2372529,0.1607048,0.0756583,-0.012540374,-0.09821195,-0.17615345,-0.24225712,-0.293899,-0.33001056,-0.3508743,-0.35776344,-0.35252944,-0.33730337,-0.31432647,-0.2857946,-0.25373778,-0.22002947,-0.18645903
0.09823512,0.1230086,0.15048769,0.179236,0.20736475,0.23270106,0.25294772,0.265789,0.2690262,0.26086438,0.24032988,0.20756389,0.16386859,0.11161677,0.05407008,-0.005016579,-0.061912544,-0.11331875,-0.15664488,-0.19024615,-0.21354097,-0.22690192,-0.23133151,-0.22811179,-0.2186121,-0.2042281,-0.18632084,-0.16616169,-0.14492925,-0.12373936
-0.13116516,-0.16670963,-0.20411779,-0.24133141,-0.2761286,-0.30631614,-0.3298743,-0.34502256,-0.35015318,-0.34373975,-0.32442814,-0.29139426,-0.2447688,-0.18588455,-0.11728562,-0.042558394,0.034020253,0.108024344,0.1754882,0.23331231,0.27935585,0.312365,0.3319009,0.33825597,0.33231124,0.31542188,0.28941733,0.25657988,0.219501,0.18086629
0.07161443,0.089194514,0.108132504,0.12744035,0.14587323,0.16200255,0.17430682,0.18127114,0.1815772,0.17437823,0.15952948,0.1376605,0.1100965,0.07870415,0.045667343,0.01317768,-0.016913094,-0.043305375,-0.06526902,-0.082602344,-0.09557982,-0.10478986,-0.110898376,-0.11445437,-0.11576363,-0.114895485,-0.11182795,-0.10662223,-0.09951176,-0.0909369
-0.09103583,-0.11235673,-0.13403906,-0.1543582,-0.17137943,-0.18314493,-0.18796633,-0.18464652,-0.17246278,-0.15104909,-0.12045293,-0.081351794,-0.035205234,0.015797049,0.06893306,0.12119133,0.16954608,0.21128514,0.24433002,0.26739144,0.2799387,0.28208154,0.2744381,0.25804567,0.23432781,0.2050461,0.17217265,0.13773263,0.103658214,0.071662806
-0.115799084,-0.15182419,-0.19103253,-0.23129395,-0.27016613,-0.30512297,-0.3337821,-0.35408363,-0.36431053,-0.3630102,-0.34899333,-0.32150355,-0.2804904,-0.22684775,-0.16253826,-0.090593375,-0.01491922,0.060142536,0.13039231,0.19227909,0.24318309,0.28145897,0.30634233,0.31784225,0.31666514,0.30414134,0.2821185,0.2528638,0.2189608,0.18312714
0.12203055,0.15967414,0.20113946,0.24453938,0.28755406,0.32752338,0.36157918,0.38679573,0.4003649,0.3998595,0.3836212,0.35115835,0.30340245,0.2427185,0.17264795,0.09743152,0.021446276,-0.05126076,-0.117306486,-0.17419936,-0.22040902,-0.2552495,-0.2786755,-0.29110384,-0.2932866,-0.28622267,-0.27114686,-0.24958903,-0.22341418,-0.1947618
-0.055985246,-0.064636946,-0.07242006,-0.078589775,-0.08251349,-0.0837623,-0.08217104,-0.077827774,-0.07093891,-0.061656453,-0.05001454,-0.035979457,-0.0196037,-0.001215236,0.01849924,0.038584102,0.05798244,0.075657345,0.090711996,0.102525145,0.110753536,0.11519601,0.11579201,0.11271586,0.10633085,0.09710507,0.08563506,0.07261855,0.058743365,0.044661224
0.07670616,0.100865245,0.12778862,0.15631063,0.18497574,0.21215247,0.23619221,0.25547934,0.268333,0.2730133,0.267973,0.25219312,0.22543381,0.18835874,0.1425516,0.0904288,0.034984667,-0.020556696,-0.073054895,-0.11974407,-0.15852827,-0.18816811,-0.20824,-0.21896347,-0.22106656,-0.21564798,-0.20400669,-0.18758142,-0.16798504,-0.14692192
-0.08302944,-0.09277322,-0.100502044,-0.10532949,-0.10653133,-0.103534654,-0.09590043,-0.083379515,-0.06603247,-0.044327572,-0.019168478,0.008160823,0.03611414,0.06303205,0.087331764,0.1077139,0.12328455,0.13358103,0.13859731,0.13874188,0.13461314,0.12678035,0.115739435,0.10199761,0.086165026,0.06902991,0.05154944,0.03470942,0.019377438,0.006217422
-0.1515861,-0.19325715,-0.23837867,-0.2844196,-0.3284076,-0.36721995,-0.39781475,-0.41742817,-0.42371505,-0.41488472,-0.3899033,-0.34869838,-0.2923223,-0.22305404,-0.14430808,-0.060274813,0.024576895,0.105953135,0.18007982,0.24394512,0.29543835,0.3333455,0.35723004,0.3672674,0.36411014,0.34887633,0.32323846,0.28944933,0.25022146,0.20852727
0.14558618,0.17628549,0.20799369,0.23858017,0.2654892,0.28595123,0.29720184,0.29666227,0.2821777,0.25240943,0.20726174,0.14816426,0.078162305,0.00168829,-0.07601538,-0.14967716,-0.21474712,-0.26790276,-0.30727175,-0.3324577,-0.34433332,-0.34456158,-0.335028,-0.31745365,-0.2933192,-0.26400894,-0.23096348,-0.19571084,-0.15977077,-0.12455616
0.12328556,0.15815602,0.19598421,0.23465274,0.27151212,0.30361548,0.32790077,0.3413904,0.34149313,0.32639822,0.2954733,0.24954508,0.1909454,0.12332522,0.051226433,-0.020614384,-0.088010155,-0.14775153,-0.1977032,-0.23682448,-0.265087,-0.28312626,-0.29175705,-0.29169297,-0.28356984,-0.26812616,-0.24636456,-0.2196277,-0.18958564,-0.15815255
0.17122798,0.20800415,0.24630556,0.2836981,0.3172613,0.34376514,0.35993072,0.36269787,0.3495482,0.31894347,0.27079222,0.20676301,0.13031544,0.04638155,-0.03929073,-0.12100712,-0.19393384,-0.2546076,-0.30112258,-0.33310804,-0.35144252,-0.3576969,-0.3536088,-0.34084335,-0.32096294,-0.2954576,-0.26575798,-0.23326609,-0.19941418,-0.16568741
0.106299244,0.13200216,0.15967904,0.18769786,0.2141248,0.23687762,0.25383043,0.26292926,0.26229292,0.25036553,0.22619367,0.18970588,0.14185604,0.0846965,0.021342454,-0.04431552,-0.10812046,-0.16620839,-0.21547227,-0.25385022,-0.2803971,-0.29515776,-0.29890302,-0.29288322,-0.27864817,-0.25782087,-0.23190367,-0.20232211,-0.17057596,-0.1382441
0.045899823,0.062378757,0.0810431,0.101111904,0.12160624,0.14128187,0.15873584,0.17259742,0.18155116,0.1842892,0.17960867,0.16670011,0.1454651,0.11659614,0.081467435,0.042066295,0.000925714,-0.0391766,-0.07578228,-0.107186384,-0.13238138,-0.15078959,-0.1622068,-0.16688341,-0.16547489,-0.15887097,-0.1480062,-0.13374843,-0.116982445,-0.098803334
-0.026106684,-0.029043354,-0.031790618,-0.03402643,-0.03519064,-0.03465001,-0.031854276,-0.02640587,-0.018105406,-0.007005767,0.006518187,0.021704638,0.03743387,0.052401815,0.06535003,0.07525338,0.08145443,0.08375254,0.08234453,0.07762661,0.07013777,0.060629316,0.049934812,0.038725816,0.027499698,0.01672921,0.006872281,-0.00170739,-0.008749906,-0.014064889
0.034652904,0.05185233,0.07141318,0.09259636,0.11460578,0.13664614,0.15788768,0.17734686,0.19383292,0.20608413,0.21293582,0.21339735,0.20676212,0.19277936,0.17172179,0.1443652,0.11201586,0.07647575,0.039805956,0.004013155,-0.029173816,-0.058432154,-0.08285833,-0.101842485,-0.114959665,-0.12199707,-0.123137444,-0.1190998,-0.111073814,-0.10051875
0.050420742,0.06671629,0.0849897,0.10456065,0.12449847,0.14379841,0.16151057,0.1767849,0.18882562,0.196754,0.1995375,0.19615169,0.18585412,0.16839458,0.14409377,0.113883205,0.07931154,0.04242729,0.005484995,-0.029472858,-0.06090719,-0.08776051,-0.109330304,-0.12524651,-0.13540542,-0.13985904,-0.13886535,-0.13301393,-0.12328359,-0.11096623
0.07075271,0.0929902,0.11775243,0.14367114,0.16902635,0.19199455,0.21080309,0.22375885,0.22931473,0.22618921,0.21350424,0.19103219,0.15941103,0.12015697,0.07548908,0.02809036,-0.019185917,-0.063636154,-0.10309758,-0.13623746,-0.16247357,-0.18167126,-0.19390891,-0.19940145,-0.19850333,-0.1917123,-0.1796506,-0.1631706,-0.14348176,-0.12211653
0.08527412,0.1129295,0.14315715,0.17473559,0.2060985,0.23545393,0.26094735,0.28074688,0.29308844,0.2963844,0.2893744,0.27124944,0.2418645,0.2020733,0.15390904,0.100368276,0.044903457,-0.009119264,-0.05889775,-0.102489665,-0.13879405,-0.1673036,-0.18784475,-0.20046063,-0.20540492,-0.20317161,-0.19453767,-0.18062352,-0.1628944,-0.14308347
-0.14559257,-0.18497306,-0.22729245,-0.2698928,-0.30973464,-0.3436745,-0.36865386,-0.38188297,-0.38107842,-0.36468983,-0.33209205,-0.2837501,-0.22137505,-0.14800687,-0.06782625,0.014459493,0.09434006,0.16786881,0.23175754,0.2835524,0.32185385,0.3462873,0.3571705,0.35524207,0.34160057,0.31771564,0.28544122,0.24702859,0.20506176,0.16229303
-0.027847921,-0.032528926,-0.037377536,-0.04193993,-0.045652945,-0.04792228,-0.0482359,-0.046262544,-0.041815203,-0.0347461,-0.024961784,-0.012619969,0.00166504,0.016850566,0.031725496,0.04517193,0.056245703,0.06418637,0.06852915,0.06921922,0.06659321,0.061306857,0.054197416,0.04607639,0.03758226,0.029146058,0.021069268,0.01361862,0.007025309,0.001473208
-0.006209505,0.004855268,0.018531954,0.034452602,0.05215975,0.07121157,0.09129963,0.11218171,0.13340066,0.1540483,0.1727,0.18749468,0.19641098,0.19771114,0.19039156,0.17444687,0.15080926,0.121071,0.087294444,0.051905297,0.017393626,-0.014135118,-0.041169807,-0.06274309,-0.078381225,-0.0880931,-0.092295706,-0.091774575,-0.08765259,-0.08123152
-0.07928334,-0.093131855,-0.10685614,-0.119578205,-0.13035975,-0.13819106,-0.14194675,-0.14055002,-0.13322508,-0.11965096,-0.09997639,-0.074815884,-0.045296274,-0.013095723,0.019721702,0.051094852,0.07927702,0.10291448,0.12106712,0.13327762,0.13956338,0.14028992,0.1360299,0.12744781,0.115283206,0.10045269,0.08407808,0.06732727,0.05121474,0.036528885
0.06272011,0.0858655,0.11178225,0.13935623,0.16720289,0.19375265,0.21731147,0.23608175,0.24822094,0.25212213,0.24676059,0.2317298,0.2071594,0.17382738,0.1332573,0.08752466,0.039020102,-0.00964806,-0.055817995,-0.09709751,-0.131713,-0.15870446,-0.17779347,-0.18905981,-0.19275036,-0.189311,-0.17950815,-0.16453901,-0.14604639,-0.12591676
-0.007508153,-0.003514715,0.0021539,0.009509786,0.018593807,0.029447613,0.041995503,0.055946823,0.070806004,0.085902676,0.10039209,0.11325545,0.12330786,0.12930702,0.13025531,0.12570839,0.115883425,0.10154879,0.08381396,0.06394113,0.04318906,0.022691995,0.0033841,-0.014007262,-0.028966995,-0.04117384,-0.05043852,-0.056722205,-0.06021372,-0.06131151
-0.0881763,-0.1048931,-0.12212702,-0.13883638,-0.15370709,-0.16521657,-0.17171106,-0.17158565,-0.16354851,-0.14683004,-0.121369764,-0.08796381,-0.048265923,-0.004727036,0.039602723,0.08149337,0.11805752,0.14717755,0.16770573,0.17943797,0.18294759,0.17934373,0.17002203,0.1564194,0.13984309,0.121387795,0.101939216,0.08225888,0.06314012,0.045476157
0.03282018,0.04276197,0.05461824,0.06818374,0.083039775,0.098627836,0.114230335,0.12892564,0.1415785,0.15088938,0.15550458,0.15415543,0.1458233,0.1299344,0.10652002,0.07632811,0.040855214,0.002261419,-0.03686685,-0.07387757,-0.10643582,-0.13285345,-0.15222476,-0.16433823,-0.16950667,-0.1684455,-0.16214533,-0.15170872,-0.13820226,-0.12259017
0.043307588,0.065571964,0.09266694,0.12357786,0.1569337,0.19119135,0.22469337,0.25563866,0.28201613,0.30158016,0.31196773,0.3109655,0.29686964,0.26884088,0.22712049,0.17312884,0.1095634,0.040320363,-0.029960182,-0.09661129,-0.1556165,-0.20407169,-0.2403621,-0.26404905,-0.27558652,-0.27604514,-0.26692104,-0.25002483,-0.22738384,-0.20111418
0.033894643,0.05004032,0.07012492,0.09370476,0.119966395,0.14784527,0.17608711,0.20327538,0.22781727,0.24792744,0.26172894,0.26744044,0.26350188,0.248644,0.2220827,0.18386644,0.13519962,0.07855276,0.017441496,-0.044035185,-0.10177424,-0.15225077,-0.19290282,-0.22226608,-0.23995925,-0.2465665,-0.2434015,-0.2322399,-0.2150632,-0.19385216
0.10129048,0.13065301,0.16359152,0.19839711,0.2329901,0.26509982,0.29233634,0.31221744,0.32223436,0.32004178,0.30379844,0.27259246,0.22685525,0.16858618,0.1012316,0.02927841,-0.04233969,-0.10894,-0.1667451,-0.21330988,-0.24757747,-0.26961926,-0.28030163,-0.28096634,-0.27313375,-0.25832593,-0.23803252,-0.2137591,-0.1870794,-0.1596375
0.05991117,0.08553086,0.11563116,0.14880244,0.18326055,0.21701919,0.2479681,0.27392402,0.29267725,0.30207026,0.300162,0.2854731,0.2572695,0.21584524,0.16273452,0.100727,0.033614516,-0.034271706,-0.098630466,-0.15573008,-0.20279373,-0.23819831,-0.26145315,-0.27298638,-0.27387318,-0.26557145,-0.24970981,-0.22799718,-0.2022262,-0.17427073
0.14434575,0.17268577,0.20341656,0.23510411,0.26602656,0.2943029,0.3180014,0.33522412,0.34412608,0.3428856,0.32973465,0.3031629,0.26230246,0.20737042,0.13993129,0.06291075,-0.019555759,-0.10241392,-0.18025476,-0.24811116,-0.30220163,-0.3403571,-0.36206508,-0.36822394,-0.36074367,-0.34214282,-0.315229,-0.2828495,-0.24766819,-0.21201521
0.19950624,0.24137688,0.2861009,0.33119532,0.37359706,0.40982485,0.43623,0.4492965,0.44589555,0.42354906,0.38082287,0.31777698,0.23632985,0.14042245,0.035781484,-0.070795305,-0.172405,-0.26287147,-0.33742294,-0.3931652,-0.4291527,-0.44610626,-0.44598952,-0.43153906,-0.4058278,-0.37191433,-0.33258477,-0.29025966,-0.24706519,-0.20494932
-0.039468512,-0.05484284,-0.071064174,-0.0869379,-0.100969575,-0.111443564,-0.11659677,-0.11480539,-0.10482332,-0.08613988,-0.059331987,-0.026157694,0.010634992,0.0476874,0.08153591,0.109124705,0.12821412,0.13766573,0.13754655,0.1290412,0.114192724,0.095456325,0.07517822,0.055208012,0.03674035,0.020344127,0.006104695,-0.006153026,-0.01663737,-0.025436997
0.08819459,0.10356951,0.12015474,0.13726895,0.15404747,0.16950537,0.182541,0.19194704,0.19643039,0.19464679,0.1853227,0.16747117,0.14066075,0.10526612,0.062582724,0.014777852,-0.03525364,-0.08416975,-0.1286731,-0.16604033,-0.19447635,-0.21326347,-0.22267756,-0.22367465,-0.2175352,-0.20562714,-0.18931188,-0.16994695,-0.14884965,-0.12722246
0.17722467,0.22474214,0.27817214,0.33531988,0.39334822,0.4489869,0.49866724,0.5386073,0.5649082,0.5737652,0.5618282,0.52663684,0.4671403,0.3842215,0.28100446,0.16278334,0.036574867,-0.08958893,-0.20762955,-0.3105204,-0.3931686,-0.45290026,-0.48943552,-0.50438654,-0.500531,-0.48119158,-0.44983393,-0.40986893,-0.36456603,-0.31700343
0.17588182,0.21673672,0.26092118,0.30608776,0.349398,0.38775527,0.41800827,0.43709943,0.44224688,0.43115065,0.40223,0.35490447,0.28987515,0.20937957,0.11725335,0.018658571,-0.08043987,-0.17390287,-0.2561087,-0.32265553,-0.37092075,-0.4002727,-0.41180295,-0.40775606,-0.3909867,-0.36455983,-0.331423,-0.29422873,-0.2553163,-0.21676898
